item_name,unit_price
"16' Cattle Panel",
"1x6x12 Pressure Treated Boards",
"1x6x16 Poplar Rails",
"1x6x16 Poplar Verticals",
"1x6x8",
"2"" Nails 2000ct Hot-Dipped Galvanized Ring Shank Nails",
"2x2 8' Pressure Treated",
"2x2x8",
"2x4 16' Pressure Treated Rails",
"2x4 8' Cedar S4S Rails",
"2x4 8' Pressure Treated Rails",
"2x4 8' Red Cedar S4S",
"2x4 Treated",
"3"" Deck Screws",
"3"" screws 60 ct stainless steel",
"4x4 Post",
"4x8 Lattice Panel",
"5/4x6x12 Cedar S4S Rails",
"5/4x6x12 Cedar S4S Verticals",
"6' Pressure Treated Dog Ear Pickets",
"Arbor",
"Cedar pickets",
"Cedar S4S Gate Framing",
"Concrete 60lb Bag",
"Double gate kit",
"Gate Hinge Kit",
"Mansfield blank gate post",
"Post caps",
"Split rail",
"Stainless screws",
"Staples",
"Wire mesh roll",
